source_id,stage,kind,doi,norm_url,title_norm,year,status
08-B01,08沟通,blog,,https://www.6sigma.us/project-management/stakeholder-analysis-matrix,your guide to stakeholder analysis matrix master project management  sixsigmaus,,fulltext
08-B02,08沟通,blog,,https://simplystakeholders.com/stakeholder-communication-matrix,how to create a stakeholder communication matrix,,fulltext
08-B03,08沟通,blog,,https://www.projectmanager.com/blog/stakeholder-matrix,stakeholder matrix a quick guide with free templates,,fulltext
08-B04,08沟通,blog,,https://purplegriffon.com/blog/stakeholder-analysis-template,stakeholder analysis template  purple griffon,,fulltext
08-B06,08沟通,blog,,https://asana.com/resources/project-stakeholder,project stakeholder definition analysis  mapping 2026  asana,,fulltext
08-B07,08沟通,blog,,https://www.projectmanager.com/blog/stakeholder-collaboration-and-communication,stakeholder collaboration  communication in project management  projectmanager,,fulltext
08-B09,08沟通,blog,,https://plprojects.co.uk/raci-matrix-project-management-accountability,raci matrix project management clear accountability guide,,fulltext
08-B10,08沟通,blog,,https://www.itonics-innovation.com/blog/partner-governance,partner governance decision rights raci and program management,,fulltext
08-B11,08沟通,blog,,https://www.projectmanager.com/blog/escalation-matrix,escalation matrix howto guide with example  free template  projectmanager,,fulltext
08-B12,08沟通,blog,,https://www.invensislearning.com/blog/raci-matrix-in-project-management,raci matrix in project management a stepbystep guide,,fulltext
08-B13,08沟通,blog,,https://plane.so/blog/raci-charts-definition-benefits-and-examples,raci charts definition benefits and examples  plane blog,,fulltext
08-B15,08沟通,blog,,https://instituteprojectmanagement.com/blog/what-is-the-responsibility-assignment-matrix,what is a raci matrix responsibility assignment matrix explained,,fulltext
08-B16,08沟通,blog,,https://plane.so/blog/project-escalation-procedures-when-and-how-to-escalate-issues,project escalation procedures when and how to escalate issues  plane blog,,fulltext
08-B17,08沟通,blog,,https://www.pmi.org/blog/run-an-effective-status-meeting,how to run an effective status meeting  pmi,,fulltext
08-B18,08沟通,blog,,https://www.projectmanager.com/blog/project-decision-log,how to use a decision log for optimal results for your project,,fulltext
08-B19,08沟通,blog,,https://monday.com/blog/project-management/decision-log,decision log build a system for better decision tracking 2026,,fulltext
08-B20,08沟通,blog,,https://pm.stackexchange.com/questions/1430/how-should-a-project-manager-capture-decisions,communication  how should a project manager capture decisions  project management stack exchange,,fulltext
08-B21,08沟通,blog,,https://www.projectmanagertemplate.com/post/decision-logs-the-ultimate-guide,decision logs the ultimate guide,,fulltext
08-B22,08沟通,blog,,https://www.teamgantt.com/blog/project-status-meetings,how to run productive status meetings for every audience,,fulltext
08-B24,08沟通,blog,,https://plane.so/blog/decision-log-what-it-is-why-teams-use-it-and-template,decision log what it is why teams use it and template  plane blog,,fulltext
08-P01,08沟通,paper,10.53294/ijfstr.2024.7.2.0047,https://doi.org/10.53294/ijfstr.2024.7.2.0047,stakeholder communication framework for successful implementation of communitybased renewable energy projects,2024,fulltext
08-P02,08沟通,paper,10.47233/jsit.v5i2.3382,https://doi.org/10.47233/jsit.v5i2.3382,manajemen komunikasi proyek pada proyek infrastruktur teknologi informasi,2025,fulltext
08-P03,08沟通,paper,10.56726/irjmets16992,https://doi.org/10.56726/irjmets16992,conflict management in crossfunctional tech teams best practices and lessons learned from the healthcare sector,2024,fulltext
08-P04,08沟通,paper,10.32628/ijsrst52310373,https://doi.org/10.32628/ijsrst52310373,advances in project stakeholder communication and transparency using cloud collaboration platforms,2024,fulltext
08-P05,08沟通,paper,10.1007/s44268-025-00076-4,https://doi.org/10.1007/s44268-025-00076-4,financial and operational effects of cost estimation inaccuracy material price volatility and payment delays in nigerian construction projects,2025,fulltext
08-P06,08沟通,paper,10.11113/jm.v47.471,https://doi.org/10.11113/jm.v47.471,an analysis of the impact of procurement and communication management on the performance of construction projects in nigeria,2024,fulltext
08-P07,08沟通,paper,10.35808/ersj/3746,https://doi.org/10.35808/ersj/3746,communication in project team management  identification of research gaps and direction for future research,2024,fulltext
08-P08,08沟通,paper,10.5281/zenodo.19282693,https://dergipark.org.tr/en/pub/ijasos/article/1819977,beyond the blueprint a multistakeholder analysis of the perceived benefits and limitations of adaptive management in international development  a case study of christian aid in sierra leone,2026,fulltext
08-P09,08沟通,paper,10.38124/ijisrt/25may113,https://doi.org/10.38124/ijisrt/25may113,effect of stakeholders participation on performance of poverty alleviation coalition pac project in rwanda a case of caritas rwanda in nyabiheke refugee camp from gatsibo district,2025,fulltext
08-P10,08沟通,paper,10.36750/2524-2555.81.60-69,https://doi.org/10.36750/2524-2555.81.60-69,theoretical foundations of stakeholder clustering in the context of construction project management,2025,fulltext
08-P11,08沟通,paper,10.38124/ijisrt/25jun228,https://doi.org/10.38124/ijisrt/25jun228,procedures for enhancing effective implementation of project communication management practices in public building construction projects in tanzania,2025,fulltext
08-P12,08沟通,paper,10.53819/81018102t2184,http://dx.doi.org/10.53819/81018102t2184,project communication practices and performance of construction project a case of sonatubesgahangaakagera bridge road project,2023,fulltext
08-P15,08沟通,paper,10.1186/s12913-024-10654-4,https://doi.org/10.1186/s12913-024-10654-4,identifying categorising and mapping actors involved in resilience in healthcare a qualitative stakeholder analysis,2024,fulltext
08-P16,08沟通,paper,10.1108/sasbe-10-2023-0303,https://doi.org/10.1108/sasbe-10-2023-0303,a roadmap for overcoming barriers to implementation of blockchainenabled smart contracts in sustainable construction projects,2024,fulltext
08-P17,08沟通,paper,10.56355/ijfrms.2024.4.1.0030,https://doi.org/10.56355/ijfrms.2024.4.1.0030,developing a crossfunctional team coordination framework a model for optimizing business operations,2024,fulltext
08-P18,08沟通,paper,10.3389/fenvs.2024.1375675,https://doi.org/10.3389/fenvs.2024.1375675,enhancing citizen science impact in environmental monitoring targeted engagement strategies with stakeholder groups,2024,fulltext
08-P19,08沟通,paper,10.53294/ijfstr.2024.7.1.0044,https://doi.org/10.53294/ijfstr.2024.7.1.0044,effective stakeholder and risk management strategies for largescale international project success,2024,fulltext
08-P21,08沟通,paper,10.3390/buildings14092865,https://doi.org/10.3390/buildings14092865,stakeholder mapping and analysis of offsite construction projects utilizing a powerinterest matrix and the fuzzy logic theory,2024,fulltext
08-P22,08沟通,paper,10.1007/s11219-024-09665-5,https://doi.org/10.1007/s11219-024-09665-5,enhancing big data analytics deployment uncovering stakeholder dynamics and balancing salience in project roles,2024,fulltext
08-P23,08沟通,paper,10.1057/s41267-025-00775-1,https://doi.org/10.1057/s41267-025-00775-1,global virtual work a review integrative framework and future research opportunities,2025,fulltext
08-P25,08沟通,paper,10.3390/su16156348,https://doi.org/10.3390/su16156348,digital trio integration of bimeiriot for facilities management of mega construction projects,2024,fulltext
08-P26,08沟通,paper,10.1007/s10113-025-02376-y,https://doi.org/10.1007/s10113-025-02376-y,designing participatory planning processes for protected areas promoting the social and economic development of the stakeholders involved the case of cotopaxi national park pnc in ecuador,2025,fulltext
08-P27,08沟通,paper,10.1108/ijmpb-08-2023-0178,https://doi.org/10.1108/ijmpb-08-2023-0178,stakeholders perception of organization an attribution and fairness perspective,2023,fulltext
08-P28,08沟通,paper,10.11594/ijmaber.05.01.27,https://doi.org/10.11594/ijmaber.05.01.27,evaluating the role of project management offices pmos in largescale construction projects insights from construction industry professionals,2024,fulltext
08-P30,08沟通,paper,10.21595/marc.2023.23894,http://dx.doi.org/10.21595/marc.2023.23894,stakeholder dynamics and their impact on value creation for industrial maintenance projectsa literature review,2023,fulltext
08-P31,08沟通,paper,10.2196/45006,https://doi.org/10.2196/45006,cocreation to facilitate communication and collaboration between multidisciplinary stakeholders in ehealth research and development case study of the carrier coronary artery disease risk estimations and interventions for prevention and early detection consortium,2023,fulltext
08-P33,08沟通,paper,10.32388/fgfjgr,https://doi.org/10.32388/fgfjgr,effective communication in virtual project teams at children mission africa a short communication,2024,fulltext
08-P37,08沟通,paper,10.47941/jepm.1653,https://doi.org/10.47941/jepm.1653,project team planning and performance of housing projects in kenya,2024,fulltext
08-P38,08沟通,paper,10.53555/kuey.v30i5.3708,https://doi.org/10.53555/kuey.v30i5.3708,the impact of risk management on the performance of construction projects,2024,fulltext
08-P39,08沟通,paper,10.62225/2583049x.2024.4.6.5699,https://doi.org/10.62225/2583049x.2024.4.6.5699,governance and accountability models for public private partnerships in healthcare infrastructure development,2024,fulltext
08-P40,08沟通,paper,10.70134/ircee.v1i1.45,https://doi.org/10.70134/ircee.v1i1.45,the impact of communication on project performance in construction projects,2024,fulltext
