stage,kind,query,reason,url_or_doi,date
07预算,paper,project cost contingency reserve risk,fulltext_off_topic_or_not_selected,10.2172/2371533,2026-08-16
07预算,paper,"""expert judgment"" effort estimation software",fulltext_off_topic_or_not_selected,10.1038/s41598-025-10819-z,2026-08-16
07预算,paper,project cost contingency reserve risk,fulltext_off_topic_or_not_selected,10.1007/s42489-023-00145-7,2026-08-16
07预算,paper,project cost contingency reserve risk,fulltext_off_topic_or_not_selected,10.32996/jefas.2024.6.6.2,2026-08-16
07预算,paper,"""expert judgment"" effort estimation software",fulltext_off_topic_or_not_selected,10.5194/amt-17-1633-2024,2026-08-16
07预算,paper,"""planning fallacy"" project cost overrun",fulltext_off_topic_or_not_selected,10.26480/gwk.01.2024.42.50,2026-08-16
07预算,paper,"""expert judgment"" effort estimation software",fulltext_off_topic_or_not_selected,10.51594/gjabr.v3i11.171,2026-08-16
07预算,paper,project cost contingency reserve risk,fulltext_off_topic_or_not_selected,10.30574/gscarr.2024.19.3.0205,2026-08-16
07预算,paper,"""expert judgment"" effort estimation software",fulltext_off_topic_or_not_selected,10.1007/s10664-025-10645-x,2026-08-16
07预算,paper,"""expert judgment"" effort estimation software",fulltext_off_topic_or_not_selected,10.1007/s10758-025-09844-8,2026-08-16
07预算,paper,"""expert judgment"" effort estimation software",fulltext_off_topic_or_not_selected,10.1007/s00445-025-01822-3,2026-08-16
07预算,paper,project cost contingency reserve risk,fulltext_off_topic_or_not_selected,10.53022/oarjms.2024.7.2.0037,2026-08-16
07预算,paper,"""expert judgment"" effort estimation software",fulltext_off_topic_or_not_selected,10.14569/ijacsa.2025.01603103,2026-08-16
07预算,paper,"""expert judgment"" effort estimation software",fulltext_off_topic_or_not_selected,10.5194/nhess-24-1779-2024,2026-08-16
07预算,paper,"""expert judgment"" effort estimation software",fulltext_off_topic_or_not_selected,10.5194/hess-28-2831-2024,2026-08-16
07预算,paper,"""expert judgment"" effort estimation software",fulltext_off_topic_or_not_selected,10.1139/cjce-2022-0310,2026-08-16
07预算,paper,"""expert judgment"" effort estimation software",fulltext_off_topic_or_not_selected,10.21015/vtse.v12i3.1909,2026-08-16
07预算,paper,"""expert judgment"" effort estimation software",fulltext_off_topic_or_not_selected,10.58962/hsr.2025.11.2.6-21,2026-08-16
07预算,paper,"""contingency reserve"" project cost",fulltext_off_topic_or_not_selected,10.1038/s41467-025-62952-y,2026-08-16
07预算,paper,"""optimism bias"" project cost estimation",fulltext_off_topic_or_not_selected,10.4102/sajim.v26i1.1804,2026-08-16
07预算,paper,"""optimism bias"" project cost estimation",fulltext_off_topic_or_not_selected,10.1007/s10706-023-02627-x,2026-08-16
07预算,paper,"""cost contingency"" project estimation",fulltext_off_topic_or_not_selected,10.48084/etasr.8116,2026-08-16
07预算,paper,"""cost contingency"" project estimation",fulltext_off_topic_or_not_selected,10.58496/mjce/2024/009,2026-08-16
07预算,paper,reference class forecasting,older_than_2023-08,10.3390/buildings13040998,2026-08-16
07预算,blog,existing_blogs.json,paper_or_classic_not_counted_as_blog,07-B14;07-B21;07-B22;07-B24,2026-08-16
07预算,blog,reference class forecasting project cost overrun,paywall_or_index_page,https://www.sciencedirect.com/science/article/pii/S2666721523000248,2026-08-16
07预算,paper,"""software effort estimation"" systematic review",title_abstract_not_on_topic,10.1007/s11831-023-10030-1,2026-08-16
07预算,paper,"""software effort estimation"" systematic review",title_abstract_not_on_topic,10.3390/digital4030028,2026-08-16
07预算,paper,"""software effort estimation"" systematic review",title_abstract_not_on_topic,10.3390/brainsci15050519,2026-08-16
07预算,paper,"""software effort estimation"" systematic review",title_abstract_not_on_topic,10.48550/arxiv.2409.06741,2026-08-16
07预算,paper,"""software effort estimation"" systematic review",title_abstract_not_on_topic,10.20473/jisebi.9.2.305-319,2026-08-16
07预算,paper,"""software effort estimation"" systematic review",title_abstract_not_on_topic,10.3390/app14010319,2026-08-16
07预算,paper,"""software effort estimation"" systematic review",title_abstract_not_on_topic,10.1007/s10951-025-00857-w,2026-08-16
07预算,paper,"""software effort estimation"" systematic review",title_abstract_not_on_topic,10.21203/rs.3.rs-3209115/v1,2026-08-16
07预算,paper,"""software effort estimation"" systematic review",title_abstract_not_on_topic,10.3390/info15080507,2026-08-16
07预算,paper,"""software effort estimation"" systematic review",title_abstract_not_on_topic,10.35631/jistm.1041026,2026-08-16
07预算,paper,"""software effort estimation"" systematic review",title_abstract_not_on_topic,10.4236/ojbm.2024.126189,2026-08-16
07预算,paper,"""software effort estimation"" systematic review",title_abstract_not_on_topic,10.1007/s11301-024-00424-1,2026-08-16
07预算,paper,"""software effort estimation"" systematic review",title_abstract_not_on_topic,10.34028/iajit/22/5/4,2026-08-16
07预算,paper,"""software effort estimation"" systematic review",title_abstract_not_on_topic,10.1049/sfw2/5691460,2026-08-16
07预算,paper,"""software effort estimation"" systematic review",title_abstract_not_on_topic,10.48550/arxiv.2410.08308,2026-08-16
07预算,paper,"""software effort estimation"" systematic review",title_abstract_not_on_topic,10.3390/app152212329,2026-08-16
07预算,paper,"""software effort estimation"" systematic review",title_abstract_not_on_topic,10.1016/j.indmarman.2026.02.009,2026-08-16
07预算,paper,"""software effort estimation"" systematic review",title_abstract_not_on_topic,10.14419/4t6x0421,2026-08-16
07预算,paper,"""software effort estimation"" systematic review",title_abstract_not_on_topic,10.1002/smr.70030,2026-08-16
07预算,paper,"""software effort estimation"" systematic review",title_abstract_not_on_topic,10.30996/jitcs.12297,2026-08-16
07预算,paper,"""software effort estimation"" systematic review",title_abstract_not_on_topic,10.48550/arxiv.2406.13877,2026-08-16
07预算,paper,"""software effort estimation"" systematic review",title_abstract_not_on_topic,10.5753/jserd.2025.5097,2026-08-16
07预算,paper,"""software effort estimation"" systematic review",title_abstract_not_on_topic,10.22201/fi.25940732e.2024.25.3.017,2026-08-16
07预算,paper,"""software effort estimation"" systematic review",title_abstract_not_on_topic,10.5295/cdg.252329ws,2026-08-16
07预算,paper,"""software effort estimation"" systematic review",title_abstract_not_on_topic,Artificial Intelligence in Project Management InformationSystems: A Systematic Literature Review and Future ResearchAgenda,2026-08-16
07预算,paper,"""software effort estimation"" systematic review",title_abstract_not_on_topic,10.38035/rrj.v8i3.2083,2026-08-16
07预算,paper,"""software effort estimation"" systematic review",title_abstract_not_on_topic,10.1371/journal.pdig.0000536,2026-08-16
07预算,paper,"""software effort estimation"" systematic review",title_abstract_not_on_topic,10.1016/j.jenvman.2024.121264,2026-08-16
07预算,paper,"""software effort estimation"" systematic review",title_abstract_not_on_topic,10.1371/journal.pone.0321854,2026-08-16
07预算,paper,"""software effort estimation"" systematic review",title_abstract_not_on_topic,10.32604/cmc.2024.057587,2026-08-16
07预算,paper,"""software effort estimation"" systematic review",title_abstract_not_on_topic,10.3390/pharmaceutics16020260,2026-08-16
07预算,paper,"""software effort estimation"" systematic review",title_abstract_not_on_topic,10.1038/s41598-023-41848-1,2026-08-16
07预算,paper,"""software effort estimation"" systematic review",title_abstract_not_on_topic,10.34028/iajit/21/3/4,2026-08-16
07预算,paper,"""software effort estimation"" systematic review",title_abstract_not_on_topic,10.1007/s42524-024-4013-y,2026-08-16
07预算,paper,"""software effort estimation"" systematic review",title_abstract_not_on_topic,10.1007/s10270-024-01176-y,2026-08-16
07预算,paper,"""software effort estimation"" systematic review",title_abstract_not_on_topic,10.1108/ijmpb-03-2025-0068,2026-08-16
07预算,paper,"""software effort estimation"" systematic review",title_abstract_not_on_topic,10.1007/s11356-025-36356-w,2026-08-16
07预算,paper,"""software effort estimation"" systematic review",title_abstract_not_on_topic,10.38094/jocef40271,2026-08-16
07预算,paper,"""software effort estimation"" systematic review",title_abstract_not_on_topic,10.1016/j.jss.2023.111909,2026-08-16
07预算,paper,"""software effort estimation"" systematic review",title_abstract_not_on_topic,10.7759/cureus.69250,2026-08-16
07预算,paper,"""software effort estimation"" systematic review",title_abstract_not_on_topic,10.1016/j.ipm.2024.103778,2026-08-16
07预算,paper,"""expert judgment"" effort estimation software",title_abstract_not_on_topic,10.1016/j.infsof.2023.107334,2026-08-16
07预算,paper,"""expert judgment"" effort estimation software",title_abstract_not_on_topic,10.1016/j.ress.2023.109699,2026-08-16
07预算,paper,"""expert judgment"" effort estimation software",title_abstract_not_on_topic,10.1038/s41586-023-06578-4,2026-08-16
07预算,paper,"""expert judgment"" effort estimation software",title_abstract_not_on_topic,10.21203/rs.3.rs-7153894/v1,2026-08-16
07预算,paper,"""expert judgment"" effort estimation software",title_abstract_not_on_topic,10.3390/e26050360,2026-08-16
07预算,paper,"""expert judgment"" effort estimation software",title_abstract_not_on_topic,10.21203/rs.3.rs-9449162/v1,2026-08-16
07预算,paper,"""expert judgment"" effort estimation software",title_abstract_not_on_topic,10.21831/reid.v9i2.52083,2026-08-16
07预算,paper,"""expert judgment"" effort estimation software",title_abstract_not_on_topic,10.1016/j.jobe.2025.114478,2026-08-16
07预算,paper,"""expert judgment"" effort estimation software",title_abstract_not_on_topic,10.21203/rs.3.rs-3579951/v1,2026-08-16
07预算,paper,"""expert judgment"" effort estimation software",title_abstract_not_on_topic,10.38124/ijisrt/ijisrt24apr1614,2026-08-16
07预算,paper,"""expert judgment"" effort estimation software",title_abstract_not_on_topic,10.1038/s41467-025-56573-8,2026-08-16
07预算,paper,"""planning fallacy"" project cost overrun",title_abstract_not_on_topic,10.1093/cjres/rsaf009,2026-08-16
07预算,paper,"""planning fallacy"" project cost overrun",title_abstract_not_on_topic,10.2139/ssrn.6896358,2026-08-16
07预算,paper,"""planning fallacy"" project cost overrun",title_abstract_not_on_topic,10.1080/09537287.2024.2352838,2026-08-16
07预算,paper,"""planning fallacy"" project cost overrun",title_abstract_not_on_topic,10.1016/j.plas.2024.100123,2026-08-16
07预算,paper,"""planning fallacy"" project cost overrun",title_abstract_not_on_topic,10.1016/j.cities.2023.104773,2026-08-16
07预算,paper,"""planning fallacy"" project cost overrun",title_abstract_not_on_topic,10.1080/09537287.2023.2257178,2026-08-16
07预算,paper,"""planning fallacy"" project cost overrun",title_abstract_not_on_topic,10.3390/systems13080650,2026-08-16
07预算,paper,"""planning fallacy"" project cost overrun",title_abstract_not_on_topic,10.2139/ssrn.7228700,2026-08-16
07预算,paper,"""planning fallacy"" project cost overrun",title_abstract_not_on_topic,10.1016/j.scaman.2025.101422,2026-08-16
07预算,paper,"""planning fallacy"" project cost overrun",title_abstract_not_on_topic,10.1080/14649357.2024.2396351,2026-08-16
07预算,paper,"""planning fallacy"" project cost overrun",title_abstract_not_on_topic,10.5130/ajceb.v24i4/5.8417,2026-08-16
07预算,paper,"""planning fallacy"" project cost overrun",title_abstract_not_on_topic,10.3390/electronics14193930,2026-08-16
07预算,paper,"""planning fallacy"" project cost overrun",title_abstract_not_on_topic,10.3390/risks13100188,2026-08-16
07预算,paper,"""planning fallacy"" project cost overrun",title_abstract_not_on_topic,10.17705/1cais.05632,2026-08-16
07预算,paper,"""planning fallacy"" project cost overrun",title_abstract_not_on_topic,10.64753/jcasc.v10i2.1623,2026-08-16
07预算,paper,"""planning fallacy"" project cost overrun",title_abstract_not_on_topic,10.36948/ijfmr.2024.v06i06.33314,2026-08-16
07预算,paper,"""planning fallacy"" project cost overrun",title_abstract_not_on_topic,10.2139/ssrn.4924942,2026-08-16
07预算,paper,"""planning fallacy"" project cost overrun",title_abstract_not_on_topic,10.2139/ssrn.6588119,2026-08-16
07预算,paper,"""planning fallacy"" project cost overrun",title_abstract_not_on_topic,10.58257/ijprems53412,2026-08-16
07预算,paper,"""planning fallacy"" project cost overrun",title_abstract_not_on_topic,10.3390/buildings15234284,2026-08-16
07预算,paper,"""planning fallacy"" project cost overrun",title_abstract_not_on_topic,10.64755/ibcp4691,2026-08-16
07预算,paper,"""planning fallacy"" project cost overrun",title_abstract_not_on_topic,10.3390/buildings16132652,2026-08-16
07预算,paper,"""planning fallacy"" project cost overrun",title_abstract_not_on_topic,10.1108/rbf-11-2023-0303,2026-08-16
07预算,paper,"""planning fallacy"" project cost overrun",title_abstract_not_on_topic,10.1111/cag.70012,2026-08-16
07预算,paper,COCOMO software cost estimation,title_abstract_not_on_topic,10.31577/cai_2024_5_1234,2026-08-16
07预算,paper,COCOMO software cost estimation,title_abstract_not_on_topic,10.3390/asi7030034,2026-08-16
07预算,paper,COCOMO software cost estimation,title_abstract_not_on_topic,10.52005/restikom.v5i2.144,2026-08-16
07预算,paper,COCOMO software cost estimation,title_abstract_not_on_topic,10.3390/drones8090477,2026-08-16
07预算,paper,COCOMO software cost estimation,title_abstract_not_on_topic,10.48550/arxiv.2409.09617,2026-08-16
07预算,paper,COCOMO software cost estimation,title_abstract_not_on_topic,10.1093/mnras/stae922,2026-08-16
07预算,paper,COCOMO software cost estimation,title_abstract_not_on_topic,10.3390/app152413099,2026-08-16
07预算,paper,COCOMO software cost estimation,title_abstract_not_on_topic,10.11591/ijeecs.v33.i1.pp290-302,2026-08-16
07预算,paper,COCOMO software cost estimation,title_abstract_not_on_topic,10.48550/arxiv.2406.00560,2026-08-16
07预算,paper,COCOMO software cost estimation,title_abstract_not_on_topic,10.26555/ijain.v10i1.1298,2026-08-16
07预算,paper,COCOMO software cost estimation,title_abstract_not_on_topic,10.30953/bhty.v6.286,2026-08-16
07预算,paper,COCOMO software cost estimation,title_abstract_not_on_topic,10.5539/cis.v17n1p18,2026-08-16
07预算,paper,COCOMO software cost estimation,title_abstract_not_on_topic,10.1145/3630252,2026-08-16
07预算,paper,COCOMO software cost estimation,title_abstract_not_on_topic,10.1002/smr.2612,2026-08-16
07预算,paper,COCOMO software cost estimation,title_abstract_not_on_topic,10.34028/iajit/21/2/4,2026-08-16
07预算,paper,COCOMO software cost estimation,title_abstract_not_on_topic,10.3168/jds.2024-25196,2026-08-16
07预算,paper,COCOMO software cost estimation,title_abstract_not_on_topic,10.1007/s10664-025-10690-6,2026-08-16
07预算,paper,COCOMO software cost estimation,title_abstract_not_on_topic,10.15588/1607-3274-2024-1-8,2026-08-16
07预算,paper,COCOMO software cost estimation,title_abstract_not_on_topic,10.1109/tse.2025.3534032,2026-08-16
07预算,paper,COCOMO software cost estimation,title_abstract_not_on_topic,10.1002/smr.2676,2026-08-16
07预算,paper,COCOMO software cost estimation,title_abstract_not_on_topic,10.48550/arxiv.2309.06020,2026-08-16
07预算,paper,COCOMO software cost estimation,title_abstract_not_on_topic,10.55549/epstem.1535078,2026-08-16
07预算,paper,COCOMO software cost estimation,title_abstract_not_on_topic,10.5194/gmd-17-8593-2024,2026-08-16
07预算,paper,COCOMO software cost estimation,title_abstract_not_on_topic,10.17762/ijritcc.v11i10s.7659,2026-08-16
07预算,paper,COCOMO software cost estimation,title_abstract_not_on_topic,10.14445/22315381/ijett-v71i9p216,2026-08-16
07预算,paper,COCOMO software cost estimation,title_abstract_not_on_topic,10.17762/ijritcc.v11i10s.7710,2026-08-16
07预算,paper,COCOMO software cost estimation,title_abstract_not_on_topic,10.18185/erzifbed.1581945,2026-08-16
07预算,paper,COCOMO software cost estimation,title_abstract_not_on_topic,10.34028/iajit/21/1/3,2026-08-16
07预算,paper,COCOMO software cost estimation,title_abstract_not_on_topic,10.48550/arxiv.2308.03940,2026-08-16
07预算,paper,COCOMO software cost estimation,title_abstract_not_on_topic,10.19184/isj.v8i2.41090,2026-08-16
07预算,paper,COCOMO software cost estimation,title_abstract_not_on_topic,10.3390/fractalfract9110702,2026-08-16
07预算,paper,"""agile effort estimation"" planning poker",title_abstract_not_on_topic,10.51764/smutgd.1768788,2026-08-16
07预算,paper,"""agile effort estimation"" planning poker",title_abstract_not_on_topic,Story Point Estimation Using Large Language Models,2026-08-16
07预算,paper,"""agile effort estimation"" planning poker",title_abstract_not_on_topic,10.1007/s10515-026-00633-w,2026-08-16
07预算,paper,"""agile effort estimation"" planning poker",title_abstract_not_on_topic,From perception to performance,2026-08-16
07预算,paper,"""reference class forecasting"" project budget contingency",title_abstract_not_on_topic,10.1177/87569728231226226,2026-08-16
07预算,paper,"""reference class forecasting"" project budget contingency",title_abstract_not_on_topic,10.69739/jmdr.v2i2.1171,2026-08-16
07预算,paper,"""reference class forecasting"" project budget contingency",title_abstract_not_on_topic,10.1061/jmenea.meeng-5678,2026-08-16
07预算,paper,"""reference class forecasting"" project budget contingency",title_abstract_not_on_topic,10.3390/su16104081,2026-08-16
07预算,paper,"""reference class forecasting"" project budget contingency",title_abstract_not_on_topic,10.21608/erj.2024.307868.1080,2026-08-16
07预算,paper,"""reference class forecasting"" project budget contingency",title_abstract_not_on_topic,10.1080/15228053.2024.2426965,2026-08-16
07预算,paper,"""reference class forecasting"" project budget contingency",title_abstract_not_on_topic,10.34117/bjdv11n9-061,2026-08-16
07预算,paper,"""reference class forecasting"" project budget contingency",title_abstract_not_on_topic,10.70248/jmie.v3i3.3671,2026-08-16
07预算,paper,"""reference class forecasting"" project budget contingency",title_abstract_not_on_topic,10.7717/peerj-cs.2195,2026-08-16
07预算,paper,"""reference class forecasting"" project budget contingency",title_abstract_not_on_topic,10.29109/gujsc.1923665,2026-08-16
07预算,paper,"""reference class forecasting"" project budget contingency",title_abstract_not_on_topic,10.51505/ijebmr.2025.9707,2026-08-16
07预算,paper,"""reference class forecasting"" project budget contingency",title_abstract_not_on_topic,10.31223/x5cr1s,2026-08-16
07预算,paper,"""analogy based estimation"" software effort",title_abstract_not_on_topic,10.22214/ijraset.2025.72810,2026-08-16
07预算,paper,"""analogy based estimation"" software effort",title_abstract_not_on_topic,10.57152/malcom.v5i3.2055,2026-08-16
07预算,paper,"""analogy based estimation"" software effort",title_abstract_not_on_topic,10.3390/jtaer19010020,2026-08-16
07预算,paper,"""analogy based estimation"" software effort",title_abstract_not_on_topic,10.52783/jes.2332,2026-08-16
07预算,paper,"""analogy based estimation"" software effort",title_abstract_not_on_topic,10.22214/ijraset.2026.81828,2026-08-16
07预算,paper,"""analogy based estimation"" software effort",title_abstract_not_on_topic,10.3390/a19050396,2026-08-16
07预算,paper,"""analogy based estimation"" software effort",title_abstract_not_on_topic,10.1371/journal.pone.0343619,2026-08-16
07预算,paper,"""analogy based estimation"" software effort",title_abstract_not_on_topic,10.48550/arxiv.2505.15741,2026-08-16
07预算,paper,"""analogy based estimation"" software effort",title_abstract_not_on_topic,10.3390/su18157698,2026-08-16
07预算,paper,project cost contingency reserve risk,title_abstract_not_on_topic,10.1057/s41599-024-03180-5,2026-08-16
07预算,paper,project cost contingency reserve risk,title_abstract_not_on_topic,10.1186/s43093-024-00309-5,2026-08-16
07预算,paper,project cost contingency reserve risk,title_abstract_not_on_topic,10.1007/s44290-024-00158-9,2026-08-16
07预算,paper,project cost contingency reserve risk,title_abstract_not_on_topic,10.1016/j.envsci.2024.103705,2026-08-16
07预算,paper,project cost contingency reserve risk,title_abstract_not_on_topic,10.1016/j.heliyon.2024.e31709,2026-08-16
07预算,paper,project cost contingency reserve risk,title_abstract_not_on_topic,10.3390/buildings14020391,2026-08-16
07预算,paper,project cost contingency reserve risk,title_abstract_not_on_topic,10.1002/fes3.534,2026-08-16
07预算,paper,project cost contingency reserve risk,title_abstract_not_on_topic,10.5089/9798400254550.001,2026-08-16
07预算,paper,project cost contingency reserve risk,title_abstract_not_on_topic,10.1007/s00187-024-00370-9,2026-08-16
07预算,paper,project cost contingency reserve risk,title_abstract_not_on_topic,10.1016/j.oneear.2024.04.014,2026-08-16
07预算,paper,project cost contingency reserve risk,title_abstract_not_on_topic,10.1108/sasbe-10-2024-0419,2026-08-16
07预算,paper,project cost contingency reserve risk,title_abstract_not_on_topic,10.3390/su17094200,2026-08-16
07预算,paper,project cost contingency reserve risk,title_abstract_not_on_topic,10.3390/jrfm18010038,2026-08-16
07预算,paper,project cost contingency reserve risk,title_abstract_not_on_topic,10.3390/buildings15203806,2026-08-16
07预算,paper,project cost contingency reserve risk,title_abstract_not_on_topic,10.1111/jori.12504,2026-08-16
07预算,paper,project cost contingency reserve risk,title_abstract_not_on_topic,10.2478/emj-2023-0031,2026-08-16
07预算,paper,project cost contingency reserve risk,title_abstract_not_on_topic,10.1007/s13563-024-00467-6,2026-08-16
07预算,paper,project cost contingency reserve risk,title_abstract_not_on_topic,10.3390/app142412042,2026-08-16
07预算,paper,project cost contingency reserve risk,title_abstract_not_on_topic,10.1007/s11069-024-06448-w,2026-08-16
07预算,paper,project cost contingency reserve risk,title_abstract_not_on_topic,10.1016/j.simpat.2024.102924,2026-08-16
07预算,paper,project cost contingency reserve risk,title_abstract_not_on_topic,10.3389/fenrg.2024.1459830,2026-08-16
07预算,paper,project cost contingency reserve risk,title_abstract_not_on_topic,10.31181/jscda21202440,2026-08-16
07预算,paper,project cost contingency reserve risk,title_abstract_not_on_topic,10.1016/j.resp.2023.104151,2026-08-16
07预算,paper,project cost contingency reserve risk,title_abstract_not_on_topic,10.1108/md-05-2024-0975,2026-08-16
07预算,paper,project cost contingency reserve risk,title_abstract_not_on_topic,10.3390/jmse12040679,2026-08-16
07预算,paper,project cost contingency reserve risk,title_abstract_not_on_topic,10.1080/00051144.2024.2372747,2026-08-16
07预算,paper,project cost contingency reserve risk,title_abstract_not_on_topic,10.3390/en17020512,2026-08-16
07预算,paper,project cost contingency reserve risk,title_abstract_not_on_topic,10.3390/fuels6020042,2026-08-16
07预算,paper,project cost contingency reserve risk,title_abstract_not_on_topic,10.3390/ijfs13020049,2026-08-16
07预算,paper,project cost contingency reserve risk,title_abstract_not_on_topic,10.1002/csr.2852,2026-08-16
07预算,paper,project cost contingency reserve risk,title_abstract_not_on_topic,10.1016/j.oceaneng.2024.119078,2026-08-16
07预算,paper,project cost contingency reserve risk,title_abstract_not_on_topic,10.1007/s10113-023-02174-4,2026-08-16
07预算,paper,project cost contingency reserve risk,title_abstract_not_on_topic,10.1007/s13369-025-09999-7,2026-08-16
07预算,paper,project cost contingency reserve risk,title_abstract_not_on_topic,10.1038/s44168-025-00281-y,2026-08-16
07预算,paper,project cost contingency reserve risk,title_abstract_not_on_topic,10.1038/s44168-025-00231-8,2026-08-16
07预算,paper,project cost contingency reserve risk,title_abstract_not_on_topic,10.52783/jes.1887,2026-08-16
07预算,paper,project cost contingency reserve risk,title_abstract_not_on_topic,10.1007/s10479-026-07252-4,2026-08-16
07预算,paper,project cost contingency reserve risk,title_abstract_not_on_topic,10.3846/jcem.2023.19517,2026-08-16
07预算,paper,project cost contingency reserve risk,title_abstract_not_on_topic,10.1016/j.ijcip.2024.100703,2026-08-16
07预算,paper,project cost contingency reserve risk,title_abstract_not_on_topic,10.1002/tjo3.70006,2026-08-16
07预算,paper,project cost contingency reserve risk,title_abstract_not_on_topic,10.32628/ijsrst5231103,2026-08-16
07预算,paper,project cost contingency reserve risk,title_abstract_not_on_topic,10.1002/met.70043,2026-08-16
07预算,paper,project cost contingency reserve risk,title_abstract_not_on_topic,10.26668/businessreview/2023.v8i8.3394,2026-08-16
07预算,paper,project cost contingency reserve risk,title_abstract_not_on_topic,10.1111/raq.70037,2026-08-16
07预算,paper,project cost contingency reserve risk,title_abstract_not_on_topic,10.1080/13501763.2024.2317969,2026-08-16
07预算,paper,project cost contingency reserve risk,title_abstract_not_on_topic,10.23939/jtbp2023.02.077,2026-08-16
07预算,paper,project cost contingency reserve risk,title_abstract_not_on_topic,10.35808/ersj/3503,2026-08-16
07预算,paper,project cost contingency reserve risk,title_abstract_not_on_topic,10.55643/fcaptp.6.53.2023.4219,2026-08-16
07预算,paper,project cost contingency reserve risk,title_abstract_not_on_topic,10.3390/su16135712,2026-08-16
07预算,paper,project cost contingency reserve risk,title_abstract_not_on_topic,10.3390/su151511808,2026-08-16
07预算,paper,project cost contingency reserve risk,title_abstract_not_on_topic,10.15640/jsspi.v12p3,2026-08-16
07预算,paper,project cost contingency reserve risk,title_abstract_not_on_topic,10.1016/j.egyr.2023.09.049,2026-08-16
07预算,paper,project cost contingency reserve risk,title_abstract_not_on_topic,10.1002/rem.70005,2026-08-16
07预算,paper,project cost contingency reserve risk,title_abstract_not_on_topic,10.15587/2706-5448.2026.352430,2026-08-16
07预算,paper,project cost contingency reserve risk,title_abstract_not_on_topic,10.3390/risks12040072,2026-08-16
07预算,paper,project cost contingency reserve risk,title_abstract_not_on_topic,10.24294/jipd10928,2026-08-16
07预算,paper,project cost contingency reserve risk,title_abstract_not_on_topic,10.1080/09537287.2024.2433479,2026-08-16
07预算,paper,project cost contingency reserve risk,title_abstract_not_on_topic,10.59670/ml.v20is13.6266,2026-08-16
07预算,paper,project cost contingency reserve risk,title_abstract_not_on_topic,10.1016/j.energy.2025.135482,2026-08-16
07预算,paper,project cost contingency reserve risk,title_abstract_not_on_topic,10.1155/2023/8129256,2026-08-16
07预算,paper,project cost contingency reserve risk,title_abstract_not_on_topic,10.32734/ijau.v7i2.13510,2026-08-16
07预算,paper,project cost contingency reserve risk,pdf_download_failed_or_paywall,https://doi.org/10.1016/j.plas.2023.100101,2026-08-16
07预算,paper,"""expert judgment"" effort estimation software",pdf_download_failed_or_paywall,https://www.mdpi.com/2072-4292/16/23/4491/pdf?version=1732888681,2026-08-16
07预算,paper,project cost contingency reserve risk,pdf_download_failed_or_paywall,https://doi.org/10.1016/j.asoc.2023.111152,2026-08-16
07预算,paper,"""analogy based estimation"" software effort",pdf_download_failed_or_paywall,https://www.mdpi.com/2073-431X/14/2/66/pdf?version=1739443329,2026-08-16
07预算,paper,"""software effort estimation"" systematic review",pdf_download_failed_or_paywall,https://onlinelibrary.wiley.com/doi/pdfdirect/10.1002/smr.2665,2026-08-16
07预算,paper,"""reference class forecasting"" project budget contingency",pdf_download_failed_or_paywall,https://www.mdpi.com/2073-445X/13/1/41/pdf?version=1703861420,2026-08-16
07预算,paper,"""expert judgment"" effort estimation software",pdf_download_failed_or_paywall,https://www.cambridge.org/core/services/aop-cambridge-core/content/view/2C966EF70CBBB6FA29FE509957ABE97F/S0272263124000421a.pdf/div-class-title-task-generated-processes-in-second-language-speech-production-span-class-italic-exploring-the-neural-correlates-of-task-complexity-during-silent-pauses-span-div.pdf,2026-08-16
07预算,paper,project cost contingency reserve risk,pdf_download_failed_or_paywall,http://www.cell.com/article/S2405844023083640/pdf,2026-08-16
07预算,paper,"""expert judgment"" effort estimation software",pdf_download_failed_or_paywall,https://www.mdpi.com/2079-8954/12/11/479/pdf?version=1731311502,2026-08-16
07预算,paper,"""expert judgment"" effort estimation software",pdf_download_failed_or_paywall,https://onlinelibrary.wiley.com/doi/pdfdirect/10.1002/ieam.4899,2026-08-16
07预算,paper,"""planning fallacy"" project cost overrun",pdf_download_failed_or_paywall,https://www.tandfonline.com/doi/pdf/10.1080/09537287.2023.2248942?needAccess=true&role=button,2026-08-16
07预算,paper,COCOMO software cost estimation,pdf_download_failed_or_paywall,https://doi.org/10.1016/j.aej.2024.11.042,2026-08-16
07预算,paper,COCOMO software cost estimation,pdf_download_failed_or_paywall,https://www.mdpi.com/2227-7390/12/2/200/pdf?version=1704685235,2026-08-16
07预算,paper,project cost contingency reserve risk,pdf_download_failed_or_paywall,https://doi.org/10.1016/j.apenergy.2025.125418,2026-08-16
07预算,paper,"""software effort estimation"" systematic review",pdf_download_failed_or_paywall,https://doi.org/10.1109/access.2024.3457771,2026-08-16
07预算,paper,"""reference class forecasting"" project budget contingency",pdf_download_failed_or_paywall,https://www.mdpi.com/2075-5309/14/3/643/pdf?version=1709207805,2026-08-16
07预算,paper,project cost contingency reserve risk,pdf_download_failed_or_paywall,https://www.mdpi.com/2079-8954/12/3/93/pdf?version=1710309587,2026-08-16
07预算,paper,"""expert judgment"" effort estimation software",pdf_download_failed_or_paywall,https://doi.org/10.1016/j.scitotenv.2024.176803,2026-08-16
07预算,paper,"""planning fallacy"" project cost overrun",pdf_download_failed_or_paywall,https://doi.org/10.1016/j.plas.2023.100103,2026-08-16
07预算,paper,project cost contingency reserve risk,pdf_download_failed_or_paywall,http://www.cell.com/article/S2405844024020681/pdf,2026-08-16
07预算,paper,"""expert judgment"" effort estimation software",pdf_download_failed_or_paywall,https://doi.org/10.1016/j.rser.2024.115222,2026-08-16
07预算,paper,"""software effort estimation"" systematic review",pdf_download_failed_or_paywall,https://www.mdpi.com/2076-3417/13/16/9465/pdf?version=1692666237,2026-08-16
07预算,paper,"""expert judgment"" effort estimation software",pdf_download_failed_or_paywall,https://www.mdpi.com/2071-1050/16/17/7790/pdf?version=1725632028,2026-08-16
07预算,paper,"""expert judgment"" effort estimation software",pdf_download_failed_or_paywall,https://www.mdpi.com/2076-3417/14/16/7305/pdf?version=1724140761,2026-08-16
07预算,paper,"""expert judgment"" effort estimation software",pdf_download_failed_or_paywall,https://www.mdpi.com/2227-7390/13/2/278/pdf?version=1737024496,2026-08-16
07预算,paper,"""reference class forecasting"" project budget contingency",pdf_download_failed_or_paywall,https://www.mdpi.com/2075-5309/14/2/478/pdf?version=1707471750,2026-08-16
07预算,paper,"""expert judgment"" effort estimation software",pdf_download_failed_or_paywall,https://www.tandfonline.com/doi/pdf/10.1080/13675567.2023.2264788?download=true,2026-08-16
07预算,paper,"""software effort estimation"" systematic review",pdf_download_failed_or_paywall,https://www.igi-global.com/ViewTitle.aspx?TitleId=331753&isxn=9781668479346,2026-08-16
07预算,paper,project cost contingency reserve risk,pdf_download_failed_or_paywall,https://escholarship.org/content/qt2v64k6tg/qt2v64k6tg.pdf,2026-08-16
07预算,paper,"""software effort estimation"" systematic review",pdf_download_failed_or_paywall,https://www.mdpi.com/2079-9292/13/23/4843/pdf?version=1733652541,2026-08-16
07预算,paper,"""expert judgment"" effort estimation software",pdf_download_failed_or_paywall,https://www.mdpi.com/2227-7102/14/8/917/pdf?version=1724245798,2026-08-16
07预算,paper,"""expert judgment"" effort estimation software",pdf_download_failed_or_paywall,https://www.mdpi.com/2076-3417/13/19/10751/pdf?version=1695824878,2026-08-16
07预算,paper,"""planning fallacy"" project cost overrun",pdf_download_failed_or_paywall,https://doi.org/10.1016/j.plas.2024.100128,2026-08-16
07预算,paper,"""software effort estimation"" systematic review",pdf_download_failed_or_paywall,https://onlinelibrary.wiley.com/doi/pdfdirect/10.1002/smr.2611,2026-08-16
07预算,paper,"""expert judgment"" effort estimation software",pdf_download_failed_or_paywall,https://doi.org/10.3390/buildings14092890,2026-08-16
07预算,paper,"""expert judgment"" effort estimation software",pdf_download_failed_or_paywall,https://www.mdpi.com/2073-4441/15/23/4159/pdf?version=1701337613,2026-08-16
07预算,paper,"""expert judgment"" effort estimation software",pdf_download_failed_or_paywall,https://www.mdpi.com/2306-5354/12/11/1174/pdf?version=1761667301,2026-08-16
07预算,paper,"""planning fallacy"" project cost overrun",pdf_download_failed_or_paywall,https://www.mdpi.com/2071-1050/16/24/11159/pdf?version=1734615885,2026-08-16
07预算,paper,COCOMO software cost estimation,pdf_download_failed_or_paywall,https://www.preprints.org/manuscript/202403.0556/v1/download,2026-08-16
07预算,paper,"""reference class forecasting"" project budget contingency",pdf_download_failed_or_paywall,http://www.cell.com/article/S2405844024021972/pdf,2026-08-16
07预算,paper,project cost contingency reserve risk,pdf_download_failed_or_paywall,https://www.mdpi.com/2075-5309/14/7/2219/pdf?version=1721377208,2026-08-16
07预算,paper,"""expert judgment"" effort estimation software",pdf_download_failed_or_paywall,https://doi.org/10.1016/j.asoc.2025.112806,2026-08-16
07预算,paper,"""expert judgment"" effort estimation software",pdf_download_failed_or_paywall,https://doi.org/10.1016/j.scico.2024.103115,2026-08-16
07预算,paper,"""expert judgment"" effort estimation software",pdf_download_failed_or_paywall,https://www.mdpi.com/2072-6694/17/2/301/pdf?version=1737127879,2026-08-16
07预算,paper,"""expert judgment"" effort estimation software",pdf_download_failed_or_paywall,https://www.mdpi.com/2073-4441/15/16/2993/pdf?version=1692603723,2026-08-16
07预算,paper,COCOMO software cost estimation,pdf_download_failed_or_paywall,https://revistas.usal.es/cinco/index.php/2255-2863/article/download/31206/30061,2026-08-16
07预算,paper,COCOMO software cost estimation,pdf_download_failed_or_paywall,https://www.mdpi.com/2076-3417/14/24/12006/pdf?version=1734852619,2026-08-16
07预算,paper,"""reference class forecasting"" project budget contingency",pdf_download_failed_or_paywall,https://www.tandfonline.com/doi/pdf/10.1080/00207543.2024.2359044?download=true,2026-08-16
07预算,paper,"""reference class forecasting"" project budget contingency",pdf_download_failed_or_paywall,https://doi.org/10.1016/j.cstp.2024.101344,2026-08-16
07预算,paper,project cost contingency reserve risk,pdf_download_failed_or_paywall,https://www.mdpi.com/2076-3417/15/17/9371/pdf?version=1756214498,2026-08-16
07预算,paper,"""planning fallacy"" project cost overrun",pdf_download_failed_or_paywall,https://doi.org/10.1016/j.ijproman.2025.102787,2026-08-16
07预算,paper,"""planning fallacy"" project cost overrun",pdf_download_failed_or_paywall,https://doi.org/10.1016/j.ijproman.2025.102713,2026-08-16
07预算,paper,COCOMO software cost estimation,pdf_download_failed_or_paywall,https://www.igi-global.com/ViewTitle.aspx?TitleId=364841&isxn=9798369323182,2026-08-16
07预算,paper,COCOMO software cost estimation,pdf_download_failed_or_paywall,https://www.mdpi.com/2227-7390/12/7/1058/pdf?version=1711965063,2026-08-16
07预算,paper,COCOMO software cost estimation,pdf_download_failed_or_paywall,https://www.mdpi.com/2076-0817/13/12/1111/pdf?version=1734345413,2026-08-16
07预算,paper,"""reference class forecasting"" project budget contingency",pdf_download_failed_or_paywall,https://openrepository.aut.ac.nz/bitstreams/ccd07836-05e2-46c2-a3d1-5ce3204dd74d/download,2026-08-16
07预算,paper,project cost contingency reserve risk,pdf_download_failed_or_paywall,https://www.mdpi.com/2075-5309/15/20/3739/pdf?version=1760703668,2026-08-16
07预算,paper,project cost contingency reserve risk,pdf_download_failed_or_paywall,https://doi.org/10.1080/23311975.2025.2460613,2026-08-16
